[
  {
    "model": "cms.user",
    "pk": 1,
    "fields": {
      "password": "pbkdf2_sha256$600000$kuVXmc9hCqWyy4qKAPmPys$MX0KXSVN2F/3sumq2P6jo6jsq5WrF7X6VTNoiQGGFIk=",
      "last_login": "2023-11-05T11:25:05.614Z",
      "is_superuser": true,
      "creator": null,
      "created_at": "2023-10-18T13:44:01.507Z",
      "updated_at": "2023-10-18T13:44:01.507Z",
      "personnel_id": "ROOT_00001",
      "email": "root@ycms.de",
      "job_type": "ADMINISTRATOR",
      "first_name": "Root",
      "last_name": "Root",
      "assigned_ward": null,
      "is_active": true,
      "is_staff": true,
      "groups": [],
      "user_permissions": []
    }
  },
  {
    "model": "cms.user",
    "pk": 2,
    "fields": {
      "password": "pbkdf2_sha256$600000$I5xwqwI9rhcZhC1B97HuGP$yLkiwHiG3YRzL9HS0pkxNVOQFQju4ZyOKJcRToe8oSg=",
      "last_login": null,
      "is_superuser": false,
      "creator": 1,
      "created_at": "2023-10-18T13:44:01.507Z",
      "updated_at": "2023-10-18T13:44:01.507Z",
      "personnel_id": "ZBM_000001",
      "email": "admin@ycms.de",
      "job_type": "ADMINISTRATOR",
      "first_name": "Admin",
      "last_name": "Administrator",
      "assigned_ward": null,
      "is_active": true,
      "is_staff": false,
      "groups": [1],
      "user_permissions": []
    }
  },
  {
    "model": "cms.user",
    "pk": 3,
    "fields": {
      "password": "pbkdf2_sha256$600000$I5xwqwI9rhcZhC1B97HuGP$yLkiwHiG3YRzL9HS0pkxNVOQFQju4ZyOKJcRToe8oSg=",
      "last_login": null,
      "is_superuser": false,
      "creator": 1,
      "created_at": "2023-10-18T13:44:01.507Z",
      "updated_at": "2023-10-18T13:44:01.507Z",
      "personnel_id": "STATION_MG",
      "email": "station_manager@ycms.de",
      "job_type": "ADMINISTRATOR",
      "first_name": "Station",
      "last_name": "Manager",
      "assigned_ward": null,
      "is_active": true,
      "is_staff": false,
      "groups": [2],
      "user_permissions": []
    }
  },
  {
    "model": "cms.user",
    "pk": 4,
    "fields": {
      "password": "pbkdf2_sha256$600000$n2VxpsyHEHxN0VvGPgFn5C$G4YoAshWgpRFbThTMIz7T5xslWrHNcy7bvT2/T1KZ7A=",
      "last_login": "2023-10-18T13:43:26.108Z",
      "is_superuser": false,
      "creator": 1,
      "created_at": "2023-10-18T13:44:01.507Z",
      "updated_at": "2023-10-18T13:44:01.507Z",
      "personnel_id": "DR_0000001",
      "email": "doctor@ycms.de",
      "job_type": "DOCTOR",
      "first_name": "Doctor",
      "last_name": "Doctoring",
      "assigned_ward": null,
      "is_active": true,
      "is_staff": false,
      "groups": [3],
      "user_permissions": []
    }
  },
  {
    "model": "cms.user",
    "pk": 5,
    "fields": {
      "password": "pbkdf2_sha256$600000$hOUB4DZNbzukIALCJ625Oy$SmMYyvWXfZIUwRDSpA0xBhgJcCdSGaNaB5uQvX65KZ8=",
      "last_login": null,
      "is_superuser": false,
      "creator": 1,
      "created_at": "2023-10-18T13:44:01.507Z",
      "updated_at": "2023-10-18T13:44:01.507Z",
      "personnel_id": "NURSE_0001",
      "email": "nurse@ycms.de",
      "job_type": "NURSE",
      "first_name": "Nurse",
      "last_name": "Nursing",
      "assigned_ward": null,
      "is_active": true,
      "is_staff": false,
      "groups": [3],
      "user_permissions": []
    }
  },
  {
    "model": "cms.ward",
    "pk": 1,
    "fields": {
      "creator": 2,
      "created_at": "2023-11-05T11:25:08Z",
      "updated_at": "2023-11-05T11:25:26.692Z",
      "ward_number": "1",
      "floor": 1,
      "name": "Allgemeinchirurgie"
    }
  },
  {
    "model": "cms.ward",
    "pk": 2,
    "fields": {
      "creator": 2,
      "created_at": "2023-11-05T11:25:08Z",
      "updated_at": "2023-11-05T11:25:26.692Z",
      "ward_number": "2",
      "floor": 1,
      "name": "Pädiatrie"
    }
  },
  {
    "model": "cms.room",
    "pk": 1,
    "fields": {
      "creator": 2,
      "created_at": "2023-11-05T11:29:17.303Z",
      "updated_at": "2023-11-05T11:29:17.304Z",
      "room_number": "1",
      "ward": 1
    }
  },
  {
    "model": "cms.room",
    "pk": 2,
    "fields": {
      "creator": 2,
      "created_at": "2023-11-05T11:29:17.307Z",
      "updated_at": "2023-11-05T11:29:17.307Z",
      "room_number": "2",
      "ward": 1
    }
  },
  {
    "model": "cms.room",
    "pk": 3,
    "fields": {
      "creator": 2,
      "created_at": "2023-11-05T11:29:17.309Z",
      "updated_at": "2023-11-05T11:29:17.309Z",
      "room_number": "3",
      "ward": 1
    }
  },
  {
    "model": "cms.room",
    "pk": 4,
    "fields": {
      "creator": 2,
      "created_at": "2023-11-05T11:29:17.311Z",
      "updated_at": "2023-11-05T11:29:17.311Z",
      "room_number": "4",
      "ward": 1
    }
  },
  {
    "model": "cms.room",
    "pk": 5,
    "fields": {
      "creator": 2,
      "created_at": "2023-11-05T11:29:17.312Z",
      "updated_at": "2023-11-05T11:29:17.312Z",
      "room_number": "5",
      "ward": 1
    }
  },
  {
    "model": "cms.room",
    "pk": 6,
    "fields": {
      "creator": 2,
      "created_at": "2023-11-05T11:29:17.314Z",
      "updated_at": "2023-11-05T11:29:17.314Z",
      "room_number": "6",
      "ward": 1
    }
  },
  {
    "model": "cms.room",
    "pk": 7,
    "fields": {
      "creator": 2,
      "created_at": "2023-11-05T11:29:17.316Z",
      "updated_at": "2023-11-05T11:29:17.316Z",
      "room_number": "7",
      "ward": 1
    }
  },
  {
    "model": "cms.room",
    "pk": 8,
    "fields": {
      "creator": 2,
      "created_at": "2023-11-05T11:29:17.318Z",
      "updated_at": "2023-11-05T11:29:17.318Z",
      "room_number": "8",
      "ward": 1
    }
  },
  {
    "model": "cms.room",
    "pk": 9,
    "fields": {
      "creator": 2,
      "created_at": "2023-11-05T11:29:17.319Z",
      "updated_at": "2023-11-05T11:29:17.319Z",
      "room_number": "9",
      "ward": 1
    }
  },
  {
    "model": "cms.room",
    "pk": 10,
    "fields": {
      "creator": 2,
      "created_at": "2023-11-05T11:29:17.321Z",
      "updated_at": "2023-11-05T11:29:17.321Z",
      "room_number": "10",
      "ward": 1
    }
  },
  {
    "model": "cms.room",
    "pk": 11,
    "fields": {
      "creator": 2,
      "created_at": "2023-11-05T11:29:17.323Z",
      "updated_at": "2023-11-05T11:29:17.323Z",
      "room_number": "11",
      "ward": 1
    }
  },
  {
    "model": "cms.room",
    "pk": 12,
    "fields": {
      "creator": 2,
      "created_at": "2023-11-05T11:29:17.324Z",
      "updated_at": "2023-11-05T11:29:17.325Z",
      "room_number": "12",
      "ward": 1
    }
  },
  {
    "model": "cms.room",
    "pk": 13,
    "fields": {
      "creator": 2,
      "created_at": "2023-11-05T11:29:17.326Z",
      "updated_at": "2023-11-05T11:29:17.326Z",
      "room_number": "13",
      "ward": 1
    }
  },
  {
    "model": "cms.room",
    "pk": 14,
    "fields": {
      "creator": 2,
      "created_at": "2023-11-05T11:29:17.328Z",
      "updated_at": "2023-11-05T11:29:17.328Z",
      "room_number": "14",
      "ward": 1
    }
  },
  {
    "model": "cms.room",
    "pk": 15,
    "fields": {
      "creator": 2,
      "created_at": "2023-11-05T11:29:17.328Z",
      "updated_at": "2023-11-05T11:29:17.328Z",
      "room_number": "15",
      "ward": 2
    }
  },
  {
    "model": "cms.room",
    "pk": 16,
    "fields": {
      "creator": 2,
      "created_at": "2023-11-05T11:29:17.328Z",
      "updated_at": "2023-11-05T11:29:17.328Z",
      "room_number": "16",
      "ward": 2
    }
  },
  {
    "model": "cms.room",
    "pk": 17,
    "fields": {
      "creator": 2,
      "created_at": "2023-11-05T11:29:17.328Z",
      "updated_at": "2023-11-05T11:29:17.328Z",
      "room_number": "17",
      "ward": 2
    }
  },
  {
    "model": "cms.room",
    "pk": 18,
    "fields": {
      "creator": 2,
      "created_at": "2023-11-05T11:29:17.328Z",
      "updated_at": "2023-11-05T11:29:17.328Z",
      "room_number": "18",
      "ward": 2
    }
  },
  {
    "model": "cms.bed",
    "pk": 1,
    "fields": {
      "creator": 2,
      "created_at": "2023-11-05T11:29:17.305Z",
      "updated_at": "2023-11-05T11:29:17.305Z",
      "bed_type": "normal",
      "room": 1
    }
  },
  {
    "model": "cms.bed",
    "pk": 2,
    "fields": {
      "creator": 2,
      "created_at": "2023-11-05T11:29:17.306Z",
      "updated_at": "2023-11-05T11:29:17.306Z",
      "bed_type": "normal",
      "room": 1
    }
  },
  {
    "model": "cms.bed",
    "pk": 3,
    "fields": {
      "creator": 2,
      "created_at": "2023-11-05T11:29:17.307Z",
      "updated_at": "2023-11-05T11:29:17.307Z",
      "bed_type": "normal",
      "room": 2
    }
  },
  {
    "model": "cms.bed",
    "pk": 4,
    "fields": {
      "creator": 2,
      "created_at": "2023-11-05T11:29:17.308Z",
      "updated_at": "2023-11-05T11:29:17.308Z",
      "bed_type": "normal",
      "room": 2
    }
  },
  {
    "model": "cms.bed",
    "pk": 5,
    "fields": {
      "creator": 2,
      "created_at": "2023-11-05T11:29:17.309Z",
      "updated_at": "2023-11-05T11:29:17.309Z",
      "bed_type": "normal",
      "room": 3
    }
  },
  {
    "model": "cms.bed",
    "pk": 6,
    "fields": {
      "creator": 2,
      "created_at": "2023-11-05T11:29:17.310Z",
      "updated_at": "2023-11-05T11:29:17.310Z",
      "bed_type": "normal",
      "room": 3
    }
  },
  {
    "model": "cms.bed",
    "pk": 7,
    "fields": {
      "creator": 2,
      "created_at": "2023-11-05T11:29:17.311Z",
      "updated_at": "2023-11-05T11:29:17.311Z",
      "bed_type": "normal",
      "room": 4
    }
  },
  {
    "model": "cms.bed",
    "pk": 8,
    "fields": {
      "creator": 2,
      "created_at": "2023-11-05T11:29:17.312Z",
      "updated_at": "2023-11-05T11:29:17.312Z",
      "bed_type": "normal",
      "room": 4
    }
  },
  {
    "model": "cms.bed",
    "pk": 9,
    "fields": {
      "creator": 2,
      "created_at": "2023-11-05T11:29:17.313Z",
      "updated_at": "2023-11-05T11:29:17.313Z",
      "bed_type": "normal",
      "room": 5
    }
  },
  {
    "model": "cms.bed",
    "pk": 10,
    "fields": {
      "creator": 2,
      "created_at": "2023-11-05T11:29:17.313Z",
      "updated_at": "2023-11-05T11:29:17.314Z",
      "bed_type": "normal",
      "room": 5
    }
  },
  {
    "model": "cms.bed",
    "pk": 11,
    "fields": {
      "creator": 2,
      "created_at": "2023-11-05T11:29:17.315Z",
      "updated_at": "2023-11-05T11:29:17.315Z",
      "bed_type": "normal",
      "room": 6
    }
  },
  {
    "model": "cms.bed",
    "pk": 12,
    "fields": {
      "creator": 2,
      "created_at": "2023-11-05T11:29:17.315Z",
      "updated_at": "2023-11-05T11:29:17.315Z",
      "bed_type": "normal",
      "room": 6
    }
  },
  {
    "model": "cms.bed",
    "pk": 13,
    "fields": {
      "creator": 2,
      "created_at": "2023-11-05T11:29:17.316Z",
      "updated_at": "2023-11-05T11:29:17.316Z",
      "bed_type": "normal",
      "room": 7
    }
  },
  {
    "model": "cms.bed",
    "pk": 14,
    "fields": {
      "creator": 2,
      "created_at": "2023-11-05T11:29:17.317Z",
      "updated_at": "2023-11-05T11:29:17.317Z",
      "bed_type": "normal",
      "room": 7
    }
  },
  {
    "model": "cms.bed",
    "pk": 15,
    "fields": {
      "creator": 2,
      "created_at": "2023-11-05T11:29:17.318Z",
      "updated_at": "2023-11-05T11:29:17.318Z",
      "bed_type": "normal",
      "room": 8
    }
  },
  {
    "model": "cms.bed",
    "pk": 16,
    "fields": {
      "creator": 2,
      "created_at": "2023-11-05T11:29:17.319Z",
      "updated_at": "2023-11-05T11:29:17.319Z",
      "bed_type": "normal",
      "room": 8
    }
  },
  {
    "model": "cms.bed",
    "pk": 17,
    "fields": {
      "creator": 2,
      "created_at": "2023-11-05T11:29:17.320Z",
      "updated_at": "2023-11-05T11:29:17.320Z",
      "bed_type": "normal",
      "room": 9
    }
  },
  {
    "model": "cms.bed",
    "pk": 18,
    "fields": {
      "creator": 2,
      "created_at": "2023-11-05T11:29:17.320Z",
      "updated_at": "2023-11-05T11:29:17.320Z",
      "bed_type": "normal",
      "room": 9
    }
  },
  {
    "model": "cms.bed",
    "pk": 19,
    "fields": {
      "creator": 2,
      "created_at": "2023-11-05T11:29:17.322Z",
      "updated_at": "2023-11-05T11:29:17.322Z",
      "bed_type": "normal",
      "room": 10
    }
  },
  {
    "model": "cms.bed",
    "pk": 20,
    "fields": {
      "creator": 2,
      "created_at": "2023-11-05T11:29:17.322Z",
      "updated_at": "2023-11-05T11:29:17.322Z",
      "bed_type": "normal",
      "room": 10
    }
  },
  {
    "model": "cms.bed",
    "pk": 21,
    "fields": {
      "creator": 2,
      "created_at": "2023-11-05T11:29:17.323Z",
      "updated_at": "2023-11-05T11:29:17.323Z",
      "bed_type": "normal",
      "room": 11
    }
  },
  {
    "model": "cms.bed",
    "pk": 22,
    "fields": {
      "creator": 2,
      "created_at": "2023-11-05T11:29:17.324Z",
      "updated_at": "2023-11-05T11:29:17.324Z",
      "bed_type": "normal",
      "room": 11
    }
  },
  {
    "model": "cms.bed",
    "pk": 23,
    "fields": {
      "creator": 2,
      "created_at": "2023-11-05T11:29:17.325Z",
      "updated_at": "2023-11-05T11:29:17.325Z",
      "bed_type": "normal",
      "room": 12
    }
  },
  {
    "model": "cms.bed",
    "pk": 24,
    "fields": {
      "creator": 2,
      "created_at": "2023-11-05T11:29:17.326Z",
      "updated_at": "2023-11-05T11:29:17.326Z",
      "bed_type": "normal",
      "room": 12
    }
  },
  {
    "model": "cms.bed",
    "pk": 25,
    "fields": {
      "creator": 2,
      "created_at": "2023-11-05T11:29:17.327Z",
      "updated_at": "2023-11-05T11:29:17.327Z",
      "bed_type": "normal",
      "room": 13
    }
  },
  {
    "model": "cms.bed",
    "pk": 26,
    "fields": {
      "creator": 2,
      "created_at": "2023-11-05T11:29:17.327Z",
      "updated_at": "2023-11-05T11:29:17.327Z",
      "bed_type": "normal",
      "room": 13
    }
  },
  {
    "model": "cms.bed",
    "pk": 27,
    "fields": {
      "creator": 2,
      "created_at": "2023-11-05T11:29:17.328Z",
      "updated_at": "2023-11-05T11:29:17.329Z",
      "bed_type": "normal",
      "room": 14
    }
  },
  {
    "model": "cms.bed",
    "pk": 28,
    "fields": {
      "creator": 2,
      "created_at": "2023-11-05T11:29:17.329Z",
      "updated_at": "2023-11-05T11:29:17.329Z",
      "bed_type": "normal",
      "room": 14
    }
  },
  {
    "model": "cms.bed",
    "pk": 29,
    "fields": {
      "creator": 2,
      "created_at": "2023-11-05T11:29:17.329Z",
      "updated_at": "2023-11-05T11:29:17.329Z",
      "bed_type": "small",
      "room": 15
    }
  },
  {
    "model": "cms.bed",
    "pk": 30,
    "fields": {
      "creator": 2,
      "created_at": "2023-11-05T11:29:17.329Z",
      "updated_at": "2023-11-05T11:29:17.329Z",
      "bed_type": "small",
      "room": 15
    }
  },
  {
    "model": "cms.bed",
    "pk": 31,
    "fields": {
      "creator": 2,
      "created_at": "2023-11-05T11:29:17.329Z",
      "updated_at": "2023-11-05T11:29:17.329Z",
      "bed_type": "small",
      "room": 16
    }
  },
  {
    "model": "cms.bed",
    "pk": 32,
    "fields": {
      "creator": 2,
      "created_at": "2023-11-05T11:29:17.329Z",
      "updated_at": "2023-11-05T11:29:17.329Z",
      "bed_type": "small",
      "room": 16
    }
  },
  {
    "model": "cms.bed",
    "pk": 33,
    "fields": {
      "creator": 2,
      "created_at": "2023-11-05T11:29:17.329Z",
      "updated_at": "2023-11-05T11:29:17.329Z",
      "bed_type": "small",
      "room": 17
    }
  },
  {
    "model": "cms.bed",
    "pk": 34,
    "fields": {
      "creator": 2,
      "created_at": "2023-11-05T11:29:17.329Z",
      "updated_at": "2023-11-05T11:29:17.329Z",
      "bed_type": "small",
      "room": 18
    }
  },
  {
    "model": "cms.bed",
    "pk": 35,
    "fields": {
      "creator": 2,
      "created_at": "2023-11-05T11:29:17.329Z",
      "updated_at": "2023-11-05T11:29:17.329Z",
      "bed_type": "small",
      "room": 18
    }
  },
  {
    "model": "cms.bed",
    "pk": 36,
    "fields": {
      "creator": 2,
      "created_at": "2023-11-05T11:29:17.329Z",
      "updated_at": "2023-11-05T11:29:17.329Z",
      "bed_type": "small",
      "room": 18
    }
  }
]
